,Dataset_1,Dataset_2
After_Dataset_1,0.8729110940908774,
After_Dataset_2,0.8585941046476364,0.7944498881697655
