{
  "soft_masking": {
    "metrics": {
      "MSE": 68.21564483642578,
      "MAE": 5.731508731842041,
      "RMSE": 8.259276390075684
    },
    "out_dir": "result/moment_SAMYANG_clsoft_e1/soft_masking"
  }
}